,animal_id,time,Plate.ID,species,0.00390625,0.0058594,0.0078125,0.011719,0.015625,0.0234375,0.023438,0.03125,0.046875,0.0625,0.09375,0.125,0.1875,0.25,0.375,0.5,1,npar,Infl.logX,Infl.propY,Prop.BottomAsym,Prop.TopAsym,Log.Xinfl,Log.Slope,Asym.Coef,gof,wgof,stdErr,wstdErr
1,elephant101510,0,WT1,elephant,NA,0.003538695,NA,0.002064375,NA,NA,NA,NA,0.967182676,NA,0.964073666,NA,0.975300646,NA,0.97305525,NA,NA,5,-1.639684677,0.409939356,0.002799104,0.972051146,-1.706466937,7.396186233,3.118415884,0.999939186,0.999999138,0.004354378,0.001036942
2,elephant101510,30,WT1,elephant,NA,0.004945108,NA,0.021698297,NA,NA,NA,NA,0.967873567,NA,0.96493728,NA,0.965455448,NA,0.977027873,NA,NA,4,-1.767347127,0.486388567,0.004931694,0.96784544,-1.767347127,10.69534081,1,0.999919109,0.999999505,0.004962075,0.000776597
3,elephant101510,60,WT1,elephant,NA,0.081633094,NA,0.641945722,NA,NA,NA,NA,0.975991537,NA,0.964246389,NA,0.95992832,NA,0.959410152,NA,NA,5,-1.976748208,0.505393691,0.056651406,0.963872011,-1.98095844,5.811429668,1.057955661,0.99970988,0.9999968,0.006824514,0.001433474
4,elephant101510,120,WT1,elephant,NA,0.007016862,NA,0.048988492,NA,NA,NA,NA,0.970464408,NA,0.964505473,NA,0.964505473,NA,0.974609755,NA,NA,4,-1.805176761,0.487673543,0.006962255,0.968384831,-1.805176761,10.63996428,1,0.999937979,0.999998653,0.004278092,0.001260823
5,elephant101510,240,WT3,elephant,NA,0.002758905,NA,0.036543349,NA,NA,NA,NA,0.966958486,NA,0.962891839,NA,0.957469641,NA,0.984072296,NA,NA,4,-1.784028351,0.484637993,0.002770938,0.966505049,-1.784028351,9.789740502,1,0.999663641,0.999997408,0.010044176,0.001763421
6,elephant101851,0,4WT,elephant,NA,0.003539886,NA,0.002403714,NA,NA,NA,NA,0.966278874,NA,0.971337043,NA,0.972517282,NA,0.978924296,NA,NA,5,-1.632759019,0.409280752,0.002968409,0.97339867,-1.704949507,7.021351282,3.212734084,0.999971273,0.9999998,0.002999519,0.000500323
7,elephant101851,30,4WT,elephant,NA,0.000940732,NA,0.006289476,NA,NA,NA,NA,0.97066262,NA,0.95599393,NA,0.961557916,NA,0.976058,NA,NA,4,-1.777511241,0.483508419,0.00094259,0.966074247,-1.777511241,14.67430754,1,0.999803504,0.999998631,0.007790072,0.001300401
8,elephant101851,60,14WT,elephant,NA,0.001530062,NA,0.001033918,NA,NA,NA,NA,0.980944819,NA,0.986767236,NA,0.989943099,NA,0.988619823,NA,NA,5,-1.754918265,0.368222613,0.002342999,0.980050463,-2.041248541,5.085547622,28.58553034,0.999672764,0.999985987,0.009107236,0.005959671
9,elephant101851,60,4WT,elephant,NA,0.003209835,NA,0.005438828,NA,NA,NA,NA,0.966110268,NA,0.966110268,NA,0.962738156,NA,0.979261507,NA,NA,5,-1.754918265,0.368222613,0.002342999,0.980050463,-2.041248541,5.085547622,28.58553034,0.999672764,0.999985987,0.009107236,0.005959671
10,elephant101851,120,4WT,elephant,NA,0.003072871,NA,0.002139112,NA,NA,NA,NA,0.968133536,NA,0.959366043,NA,0.956668353,NA,0.966110268,NA,NA,5,-1.856639899,0.360926245,0.002605484,0.962591314,-1.938239356,18.73588041,33.79385,0.999927556,0.999993209,0.004717496,0.00288873
11,elephant101851,240,8WT,elephant,NA,0.005304262,NA,0.00281907,NA,NA,NA,NA,0.975234879,NA,0.972983504,NA,0.972983504,NA,0.973676235,NA,NA,5,-1.856218739,0.365757866,0.004061155,0.973594976,-1.93834922,18.81119406,35.07295888,0.99999479,0.99999946,0.001277867,0.0008228
12,elephant101852,0,6WT,elephant,NA,0.007158718,NA,0.005840717,NA,NA,NA,NA,0.971294248,NA,0.959015487,NA,0.962334071,NA,0.983075221,NA,NA,4,-1.64030708,0.487452986,0.006499215,0.968406757,-1.64030708,25.87334429,1,0.999717136,0.99997881,0.009346705,0.005116461
13,elephant101852,30,14WT,elephant,NA,0.003884891,NA,0.00078109,NA,NA,NA,NA,0.996471263,NA,0.977768956,NA,0.983062062,NA,0.971240792,NA,NA,4,-1.546884412,0.491492313,0.001617782,0.981366844,-1.546884412,29.71282711,1,0.999767874,0.999999038,0.0077019,0.001567853
14,elephant101852,30,6WT,elephant,NA,NA,NA,0.001274985,NA,0.004909249,NA,NA,0.985730089,NA,0.989878319,NA,0.978595133,NA,0.969469027,NA,NA,4,-1.546884412,0.491492313,0.001617782,0.981366844,-1.546884412,29.71282711,1,0.999767874,0.999999038,0.0077019,0.001567853
15,elephant101852,60,6WT,elephant,NA,NA,NA,0.003208525,NA,0.973451327,NA,NA,0.965652655,NA,0.967975664,NA,0.965154867,NA,0.973783186,NA,NA,3,-1.85688229,0.484335579,0,0.968671159,-1.85688229,33.3898167,1,0.999908778,0.999999873,0.004211367,0.000314021
16,elephant101852,120,6WT,elephant,NA,0.001660859,NA,0.003279573,NA,NA,NA,NA,0.972621681,NA,0.966980089,NA,0.964823009,NA,0.976438053,NA,NA,4,-1.758972476,0.485900204,0.00166008,0.970140329,-1.758972476,16.12623539,1,0.999932671,0.999999709,0.004584758,0.000602982
17,elephant101852,240,8WT,elephant,NA,0.009057472,NA,0.00725035,NA,NA,NA,NA,0.966922111,NA,0.973156687,NA,0.970039399,NA,0.958089795,NA,NA,5,-1.578937826,0.375409254,0.008155393,0.968698407,-1.678657883,10.93187624,12.30629513,0.999889196,0.999998079,0.005827911,0.001534823
18,elephant103047,0,5WT,elephant,NA,0.009748539,NA,0.002330192,NA,NA,NA,NA,0.977659178,NA,0.976997228,NA,0.970874188,NA,0.971039676,NA,NA,4,-1.568431748,0.490088458,0.006038878,0.974138038,-1.568431748,37.61010401,1,0.999945313,0.999990966,0.004133458,0.003359989
19,elephant103047,30,5WT,elephant,NA,0.014025071,NA,0.013528609,NA,NA,NA,NA,0.986595507,NA,0.973687477,NA,0.971536138,NA,0.970377725,NA,NA,4,-1.754521031,0.493764706,0.013776332,0.973753081,-1.754521031,55.40891551,1,0.99985297,0.999995195,0.00673356,0.002434447
20,elephant103047,60,5WT,elephant,NA,0.001886463,NA,0.001866227,NA,NA,NA,NA,0.975011377,NA,0.96259981,NA,0.961275909,NA,0.996855736,NA,NA,4,-1.644584499,0.487204089,0.001876344,0.972531833,-1.644584499,36.11710461,1,0.999347066,0.999992827,0.014345221,0.003007096
21,elephant103047,120,5WT,elephant,NA,0.006052386,NA,0.008521,NA,NA,NA,NA,0.973356502,NA,0.96259981,NA,0.962765297,NA,0.98775392,NA,NA,4,-1.759486753,0.488437707,0.006052134,0.970823279,-1.759486753,15.09601062,1,0.999656851,0.999999664,0.010315303,0.000645387
22,elephant103047,240,8WT,elephant,NA,0.005593079,NA,0.004108079,NA,NA,NA,NA,0.97073213,NA,0.970212582,NA,0.964843919,NA,0.957570247,NA,NA,4,-1.59190375,0.485538573,0.004850063,0.966227084,-1.59190375,35.66623362,1,0.999907315,0.999991687,0.005341728,0.003199547
23,elephant103101,0,7WT,elephant,NA,0.007836579,NA,0.007048116,NA,NA,NA,NA,0.966701815,NA,0.963205505,NA,0.960042178,NA,0.962872523,NA,NA,4,-1.683946224,0.485270203,0.007441847,0.963098559,-1.683946224,37.26424832,1,0.999981364,0.999998886,0.002382136,0.001165052
24,elephant103101,30,7WT,elephant,NA,0.002552861,NA,0.006335604,NA,NA,NA,NA,0.98201898,NA,0.975359343,NA,0.968200233,NA,0.998335091,NA,NA,4,-1.770717735,0.491344431,0.002555162,0.980133701,-1.770717735,15.03136566,1,0.999606879,0.999998944,0.011180875,0.001158858
25,elephant103101,60,7WT,elephant,NA,0.006128,NA,0.003666909,NA,NA,NA,NA,0.973361452,NA,0.962539542,NA,0.957378323,NA,0.962040069,NA,NA,5,-1.866647711,0.362123774,0.004896939,0.962599895,-1.939129243,21.38445026,35.47951916,0.99988059,0.999994832,0.006050237,0.002517442
26,elephant103101,120,7WT,elephant,NA,0.007880571,NA,0.003487644,NA,NA,NA,NA,0.984682835,NA,0.981519507,NA,0.979854598,NA,0.985515289,NA,NA,4,-1.611481929,0.494303154,0.005683607,0.9829227,-1.611481929,38.05981221,1,0.999975771,0.999996195,0.00277717,0.002201194
27,elephant103101,240,8WT,elephant,NA,0.006484999,NA,0.009861553,NA,NA,NA,NA,0.971598043,NA,0.96553665,NA,0.965363467,NA,0.96882712,NA,NA,4,-1.77308682,0.487104198,0.00648437,0.967724027,-1.77308682,15.52016744,1,0.999978352,0.999999818,0.002577918,0.000473071
28,iguana3,0,IG3,iguana,NA,0.034404072,NA,0.065560821,NA,NA,0.380024574,NA,0.938915219,NA,0.934878006,NA,NA,NA,NA,NA,NA,5,-1.549160722,0.656548373,0.030966011,0.937055472,-1.506310064,15.67721482,0.212922235,0.999988087,0.999999634,0.00177948,0.00054039
29,iguana3,30,IG3,iguana,NA,0.028787081,NA,0.023521151,NA,NA,0.024486572,NA,0.961032122,NA,0.96068106,NA,NA,NA,NA,NA,NA,5,-1.604834821,0.370299789,0.025009368,0.960856094,-1.647580527,52.16396254,169.7404697,0.999983975,0.999998769,0.0023679,0.001136943
30,iguana3,60,IG3,iguana,NA,0.024925399,NA,0.033701948,NA,NA,0.006429848,NA,0.929787608,NA,0.932420572,NA,NA,NA,NA,NA,NA,5,-1.519905376,0.368072599,0.023852259,0.932421246,-1.611174103,13.2923048,16.33697862,0.999595393,0.999998552,0.011571663,0.001198983
31,iguana3,120,IG3,iguana,NA,0.019835001,NA,0.044058276,NA,NA,0.012901527,NA,0.984992101,NA,0.976127787,NA,NA,NA,NA,NA,NA,4,-1.540141034,0.501454053,0.022348663,0.980559444,-1.540141034,100.81088,1,0.999446385,0.999934179,0.014214573,0.008489343
32,iguana3,240,IG3,iguana,NA,0.034228541,NA,0.07240653,NA,NA,0.010005266,NA,0.967175707,NA,0.966473583,NA,NA,NA,NA,NA,NA,5,-1.590307578,0.379928332,0.035340431,0.966824145,-1.647076839,34.3467682,89.09239898,0.998051488,0.999926882,0.025930992,0.008700418
33,iguana4,0,IG4,iguana,NA,0.01502971,NA,0.006354572,NA,NA,0.028486543,NA,0.982174065,NA,0.983222649,NA,NA,NA,NA,NA,NA,5,-1.574123115,0.383204071,0.010690207,0.983220164,-1.662305772,12.12269698,11.72226724,0.999966409,0.999999652,0.003541614,0.000624288
34,iguana4,30,IG4,iguana,NA,0.008912967,NA,0.025865082,NA,NA,0.013631597,NA,0.980863335,NA,0.970989165,NA,NA,NA,NA,NA,NA,5,-1.579857111,0.370718838,0.014585145,0.97592575,-1.632255073,35.33000131,70.99374378,0.999810906,0.999974575,0.008348043,0.00530201
35,iguana4,60,IG4,iguana,NA,0.033205173,NA,0.020447396,NA,NA,0.021321216,NA,0.997116393,NA,0.99528137,NA,NA,NA,NA,NA,NA,5,-1.612180056,0.382018186,0.023363506,0.996198382,-1.641986348,79.38468669,232.3609739,0.999901752,0.999990302,0.006088697,0.003313273
36,iguana4,120,IG4,iguana,NA,0.002796225,NA,0.002419413,NA,NA,0.00384481,NA,0.573226145,NA,0.994001938,NA,NA,NA,NA,NA,NA,5,-1.348006669,0.477037896,0.002588651,0.9960585,-1.360827793,8.37827216,1.280615825,0.999999912,0.999999994,0.000155463,7.24E-05
37,iguana4,240,IG4,iguana,NA,0.016427822,NA,0.004543866,NA,NA,0.031632296,NA,0.029272981,NA,0.991695385,NA,NA,NA,NA,NA,NA,4,-0.940189368,2.35076082,0.016500146,4.685021493,-0.940189368,6.583818352,1,0.999512727,0.999992532,0.011074569,0.002374698
38,iguana5,0,IG5,iguana,NA,0.063858414,NA,0.01469675,NA,NA,0.09939281,NA,0.079900642,NA,0.972572966,NA,NA,NA,NA,NA,NA,4,-0.919617266,2.55508438,0.062696898,5.047471861,-0.919617266,6.006238498,1,0.994526389,0.999936232,0.03479779,0.00650543
39,iguana5,30,IG5,iguana,NA,0.010039329,NA,0.008486856,NA,NA,0.049886152,NA,0.032550197,NA,0.977747878,NA,NA,NA,NA,NA,NA,4,-1.011765409,1.115574968,0.016797048,2.214352888,-1.011765409,6.745998729,1,0.998349483,0.999961778,0.019999226,0.005271333
40,iguana5,60,IG5,iguana,NA,0.028669013,NA,0.039881322,NA,NA,0.101117781,NA,0.35175602,NA,0.97412544,NA,NA,NA,NA,NA,NA,4,-1.05054222,0.919957253,0.025273466,1.81464104,-1.05054222,2.338425558,1,0.999998583,0.999999924,0.000548896,0.00022055
41,iguana5,120,IG5,iguana,NA,0.020389153,NA,0.028496516,NA,NA,0.007451873,NA,0.368660733,NA,0.957393224,NA,NA,NA,NA,NA,NA,5,-1.318081606,0.418445284,0.020038366,0.969331336,-1.39415039,6.538801098,3.143392767,0.999656947,0.999996216,0.008763423,0.001594252
42,iguana5,240,IG5,iguana,NA,0.033153936,NA,0.036086387,NA,NA,0.047298696,NA,0.082488098,NA,0.964810598,NA,NA,NA,NA,NA,NA,4,-1.011266298,1.06736336,0.03685279,2.09787393,-1.011266298,5.176020492,1,0.999853809,0.999996386,0.005719918,0.001557597
43,iguana6,0,IG6,iguana,NA,0.012474012,NA,0.025727651,NA,NA,0.020010395,NA,0.07952183,NA,0.993762994,NA,NA,NA,NA,NA,NA,5,-1.061748571,0.834354773,0.01876671,1.715884966,-1.081760057,4.606317617,1.236457696,0.999881311,0.999999384,0.005407304,0.000674789
44,iguana6,30,IG6,iguana,NA,0.036902287,NA,0.040280665,NA,NA,0.003118503,NA,0.038201663,NA,0.989085239,NA,NA,NA,NA,NA,NA,5,-0.986902441,1.379276391,0.031381578,3.063200248,-1.050843287,4.693286319,1.995688219,0.998767122,0.9999892,0.017408,0.002822046
45,iguana6,60,IG6,iguana,NA,0.034823285,NA,0.03967429,NA,NA,0.029279279,NA,0.032224532,NA,0.985446985,NA,NA,NA,NA,NA,NA,5,-0.983973895,1.751879741,0.033817036,4.164974666,-1.073464618,5.973643885,3.424409646,0.9999192,0.99999503,0.004416633,0.001897331
46,iguana6,120,IG6,iguana,NA,0.0003465,NA,0.018191268,NA,NA,0.012300762,NA,0.001500683,NA,0.98995149,NA,NA,NA,NA,NA,NA,5,-0.940369678,3.320022869,0.007901678,7.993552201,-1.0450626,5.215442905,3.515765973,0.999709839,0.999982903,0.008638116,0.00363181
47,iguana6,240,IG6,iguana,NA,0.002598753,NA,0.01957727,NA,NA,0.023908524,NA,0.000538544,NA,0.979209979,NA,NA,NA,NA,NA,NA,5,-1.00631323,1.314976301,0.01167385,3.104982308,-1.07560755,6.957421886,3.034658454,0.999441115,0.999966961,0.011815235,0.004975675
48,iguana7,0,IG7,iguana,NA,0.029971821,NA,0.029801042,NA,NA,0.033899752,NA,0.986679191,NA,0.988557766,NA,NA,NA,NA,NA,NA,4,-1.489358403,0.509222124,0.029886429,0.988557819,-1.489358403,16.88692873,1,0.999999987,1,6.97E-05,9.53E-06
49,iguana7,30,IG7,iguana,NA,0.02604389,NA,0.030825719,NA,NA,0.026897788,NA,0.983263598,NA,0.987533089,NA,NA,NA,NA,NA,NA,5,-1.517753756,0.392941824,0.027385544,0.987533341,-1.609515213,12.45651561,13.9004234,0.999987389,0.99999988,0.002150451,0.00036308
50,iguana7,60,IG7,iguana,NA,0.036290667,NA,0.006062676,NA,NA,0.012381522,NA,0.990436342,NA,0.992314918,NA,NA,NA,NA,NA,NA,5,-1.526310387,0.384686202,0.015011302,0.992315304,-1.616244778,13.7675322,17.30511983,0.999525191,0.999999793,0.013413991,0.00048478
51,iguana7,120,IG7,iguana,NA,0.036461447,NA,0.049611476,NA,NA,0.047049782,NA,0.989924003,NA,0.992998036,NA,NA,NA,NA,NA,NA,4,-1.483167943,0.518017216,0.043036353,0.992998078,-1.483167943,16.1481732,1,0.999919681,0.999999985,0.005368455,0.000128845
52,iguana7,240,IG7,iguana,NA,0.038169243,NA,0.028264025,NA,NA,0.050977713,NA,0.995857325,NA,0.997015725,NA,NA,NA,NA,NA,NA,5,-1.573270272,0.402737646,0.033219417,0.997010721,-1.661765052,11.95907926,11.4371044,0.999955402,0.999999539,0.004043793,0.000712375
53,iguana8,0,IG8,iguana,NA,0.003718758,NA,0.004784538,NA,NA,0.0050773,NA,0.991732555,NA,0.997432662,NA,NA,NA,NA,NA,NA,5,-1.535246917,0.388737487,0.004251455,0.997435793,-1.623739927,10.86152726,9.144695474,0.999999517,1,0.000435103,2.32E-05
54,iguana8,30,IG8,iguana,NA,0.006167434,NA,0.000778345,NA,NA,0.357433192,NA,0.990056074,NA,0.998577485,NA,NA,NA,NA,NA,NA,5,-1.59845544,0.499857793,0.002511238,0.997621257,-1.598572044,8.083208482,1.002172615,0.999970657,0.999998839,0.003124063,0.001076282
55,iguana8,60,IG8,iguana,NA,0.009080688,NA,0.014442619,NA,NA,0.997146069,NA,0.999827035,NA,0.995367435,NA,NA,NA,NA,NA,NA,4,-1.809348053,0.503342415,0.009079416,0.997605415,-1.809348053,18.58746229,1,0.999991471,0.999999953,0.001820637,0.000233672
56,iguana8,120,IG8,iguana,NA,0.010983309,NA,0.00703054,NA,NA,0.024993514,NA,0.990871252,NA,0.993488102,NA,NA,NA,NA,NA,NA,5,-1.563517541,0.392626774,0.009008025,0.993487604,-1.645884692,10.98395487,8.030028094,0.999993193,0.999999937,0.001613712,0.000268804
57,iguana8,240,IG8,iguana,NA,0.024474617,NA,0.0516302,NA,NA,0.042290063,NA,0.997146069,NA,0.994119173,NA,NA,NA,NA,NA,NA,4,-1.545281211,0.516829856,0.038028422,0.99563129,-1.545281211,27.70951645,1,0.999659863,0.999998069,0.011154939,0.001455682
58,iguana9,0,IG9,iguana,NA,0.00231588,NA,0.011183515,NA,NA,0.991282142,NA,0.993659739,NA,0.994552165,NA,NA,NA,NA,NA,NA,5,-1.859978306,0.385708631,0.002318475,0.9941196,-1.948092476,11.06157676,9.433691186,0.99999966,0.999999993,0.000363948,8.86E-05
59,iguana9,30,IG9,iguana,NA,0.005283551,NA,0.006516379,NA,NA,0.984501585,NA,0.979394153,NA,0.97974639,NA,NA,NA,NA,NA,NA,4,-1.843411095,0.492921522,0.005282741,0.980560304,-1.843411095,33.03963475,1,0.99998462,0.999999904,0.002419142,0.00033099
60,iguana9,60,IG9,iguana,NA,0.013384995,NA,0.000352237,NA,NA,0.991370201,NA,0.986615005,NA,0.989961254,NA,NA,NA,NA,NA,NA,5,-1.899978957,0.369898289,0.006868101,0.989727558,-1.948734059,42.91708448,123.7162714,0.999915942,0.999991575,0.005696996,0.003123915
61,iguana9,120,IG9,iguana,NA,0.012328285,NA,0.004255188,NA,NA,0.981155336,NA,0.976752378,NA,0.977985206,NA,NA,NA,NA,NA,NA,5,-1.895606931,0.366852,0.008291236,0.978229514,-1.948624822,37.89287261,102.0939924,0.999961599,0.999995373,0.003803048,0.002286537
62,iguana9,240,IG9,iguana,NA,0.008277563,NA,0.004693196,NA,NA,0.99788658,NA,0.998238817,NA,0.997182106,NA,NA,NA,NA,NA,NA,5,-1.897439095,0.372758741,0.006484879,0.997848893,-1.948639241,40.29392271,115.6257866,0.999994045,0.999999499,0.001529914,0.00076851
63,leca1,0,,curlytail,0.491799266,NA,0.983353733,NA,0.992599561,NA,NA,0.996094436,NA,0.99755202,NA,NA,NA,NA,NA,NA,NA,5,-2.524141851,-0.404619628,-1.695538739,0.996023638,-2.541527684,5.578826304,1.25023757,0.999938599,0.999998416,0.002026254,0.000563776
64,leca1,30,,curlytail,0.207099143,NA,0.83500612,NA,0.997449495,NA,NA,0.991146942,NA,0.979436965,NA,NA,NA,NA,NA,NA,NA,4,-2.167060734,0.597484715,0.204324991,0.990644439,-2.167060734,10.15075311,1,0.999620977,0.999991393,0.007627235,0.001990749
65,leca1,60,,curlytail,0.009188144,NA,0.007762674,NA,0.265605875,NA,NA,0.997318935,NA,0.972582619,NA,NA,NA,NA,NA,NA,NA,4,-1.783725462,0.496703482,0.008466216,0.984940749,-1.783725462,19.89508986,1,0.999691905,0.999992662,0.010116472,0.002704103
66,leca1,120,,curlytail,0.00454987,NA,0.003204049,NA,0.979681763,NA,NA,0.95495716,NA,0.943206854,NA,NA,NA,NA,NA,NA,NA,5,-2.066541738,0.356695175,0.003876461,0.956386891,-2.123158621,32.83627623,72.2915619,0.999343723,0.999960394,0.015484554,0.00658865
67,leca1,240,,curlytail,0.006608249,NA,0.006169556,NA,0.998041616,NA,NA,0.99923571,NA,0.961811506,NA,NA,NA,NA,NA,NA,NA,5,-2.072744492,0.370572895,0.006388402,0.991263067,-2.124158935,38.59801945,96.49297006,0.999152881,0.999966573,0.01804626,0.006209049
68,leca12,0,,curlytail,0.02776137,NA,0.025004922,NA,0.067926757,NA,NA,0.999030355,NA,0.997053723,NA,NA,NA,NA,NA,NA,NA,4,-1.736600376,0.512219248,0.026379404,0.998059093,-1.736600376,19.40255919,1,0.999994723,0.999999821,0.001392275,0.000444528
69,leca12,30,,curlytail,0.039574719,NA,0.004777035,NA,0.049812955,NA,NA,0.001181335,NA,0.993340922,NA,NA,NA,NA,NA,NA,NA,5,-1.16031773,1.763298641,0.02353082,4.201564121,-1.248928953,5.972914325,3.382729284,0.997611292,0.999944538,0.024498221,0.006465655
70,leca12,60,,curlytail,0.004762685,NA,0.004534145,NA,0.03012404,NA,NA,0.005427733,NA,0.994093326,NA,NA,NA,NA,NA,NA,NA,5,-1.187072593,1.23405722,0.007437204,2.89696883,-1.253821279,6.796640166,2.842279635,0.999308865,0.999975047,0.013347529,0.004392757
71,leca12,120,,curlytail,9.81E-05,NA,0.00939131,NA,0.023036031,NA,NA,0.002826561,NA,0.99141381,NA,NA,NA,NA,NA,NA,NA,5,-1.123863879,2.981020686,0.008000555,7.182878197,-1.227616826,5.301997619,3.548933644,0.999588941,0.999987567,0.010289419,0.003099441
72,leca12,240,,curlytail,0.015948021,NA,0.026186257,NA,0.050600512,NA,NA,0.093128569,NA,0.996099391,NA,NA,NA,NA,NA,NA,NA,4,-1.202920154,1.002582273,0.027007793,1.978156752,-1.202920154,4.811656674,1,0.999212753,0.999994284,0.013792976,0.002035594
73,leca15,0,,curlytail,0.029593944,NA,0.00130114,NA,0.997856976,NA,NA,0.994483344,NA,0.99814975,NA,NA,NA,NA,NA,NA,NA,5,-2.080955373,0.378306067,0.015447046,0.997292761,-2.120370122,51.6412507,108.4992974,0.999646076,0.999972551,0.011678856,0.00563343
74,leca15,30,,curlytail,0.009418586,NA,0.001535437,NA,0.042440927,NA,NA,0.990364763,NA,0.993117688,NA,NA,NA,NA,NA,NA,NA,5,-1.747537451,0.392302186,0.005474348,0.99312032,-1.829619063,10.53274678,7.320568941,0.999972725,0.999999879,0.003218284,0.000371839
75,leca15,60,,curlytail,0.00280274,NA,0.005587304,NA,0.537508603,NA,NA,0.995269278,NA,0.992766671,NA,NA,NA,NA,NA,NA,NA,5,-1.813726021,0.49897988,0.003023839,0.994838977,-1.813701504,8.963409084,0.999494132,0.99999091,0.999999685,0.001724025,0.000555492
76,leca15,120,,curlytail,0.15439321,NA,0.175498968,NA,0.108281716,NA,NA,0.991349985,NA,0.993361976,NA,NA,NA,NA,NA,NA,NA,5,-1.696419807,0.469816545,0.151553594,0.993362972,-1.787383666,13.70190254,17.63510029,0.997152685,0.999994977,0.02860012,0.002080646
77,leca15,240,,curlytail,0.061711402,NA,0.06079376,NA,0.139710943,NA,NA,0.992658867,NA,0.981647167,NA,NA,NA,NA,NA,NA,NA,4,-1.755973191,0.524217741,0.06126401,0.987171472,-1.755973191,20.58466111,1,0.999937352,0.999998115,0.004513709,0.001356203
78,leca16,0,,curlytail,0.007837073,NA,0.003655529,NA,0.015661104,NA,NA,0.995892169,NA,0.978947368,NA,NA,NA,NA,NA,NA,NA,4,-1.73393748,0.496580351,0.005751136,0.987409567,-1.73393748,27.56643963,1,0.999867422,0.999999195,0.007125407,0.000961546
79,leca16,30,,curlytail,0.146084724,NA,0.203594352,NA,0.225160462,NA,NA,0.271116816,NA,0.993838254,NA,NA,NA,NA,NA,NA,NA,4,-1.201917491,1.00266491,0.196788604,1.808541217,-1.201917491,4.335043451,1,0.993538003,0.999884728,0.032743372,0.007574662
80,leca16,60,,curlytail,0.274454429,NA,0.345827985,NA,0.429011553,NA,NA,0.998270839,NA,0.997048303,NA,NA,NA,NA,NA,NA,NA,4,-1.766541941,0.653937958,0.310206774,0.997669143,-1.766541941,17.15506769,1,0.995059417,0.999949767,0.029142214,0.005089659
81,leca16,120,,curlytail,0.449037227,NA,0.531450578,NA,0.532734275,NA,NA,0.998447225,NA,0.995016031,NA,NA,NA,NA,NA,NA,NA,4,-1.755728569,0.743462092,0.49019392,0.996730264,-1.755728569,20.56615784,1,0.988486359,0.999841775,0.03367433,0.006837401
82,leca16,240,,curlytail,0.429781772,NA,0.418228498,NA,0.548395379,NA,NA,0.969191271,NA,0.996029489,NA,NA,NA,NA,NA,NA,NA,5,-1.751350194,0.663647558,0.423951452,0.996757531,-1.847482301,5.296072539,3.229405721,0.99979813,0.999997263,0.004724164,0.000952794
83,leca17,0,,curlytail,0.001611789,NA,0.010361501,NA,0.012203546,NA,NA,0.992256631,NA,0.990222085,NA,NA,NA,NA,NA,NA,NA,5,-1.76908449,0.373497625,0.005926151,0.991239263,-1.847070414,19.82405636,35.15583052,0.999965202,0.999999319,0.00366822,0.000888667
84,leca17,30,,curlytail,0.006537223,NA,0.026939903,NA,0.000427736,NA,NA,0.994882507,NA,0.997037146,NA,NA,NA,NA,NA,NA,NA,5,-1.699298644,0.382725677,0.008588107,0.997037576,-1.788877474,13.7041686,16.88897883,0.999649794,0.999998959,0.011655999,0.001100599
85,leca17,60,,curlytail,0.002393504,NA,0.016808658,NA,0.052728529,NA,NA,0.996751633,NA,0.995544793,NA,NA,NA,NA,NA,NA,NA,4,-1.737201107,0.502816765,0.009488807,0.996144724,-1.737201107,19.40859532,1,0.999907802,0.999998255,0.005907322,0.001407737
86,leca17,120,,curlytail,0.003449603,NA,0.013585079,NA,0.010361501,NA,NA,0.992306415,NA,0.996961176,NA,NA,NA,NA,NA,NA,NA,5,-1.719414895,0.389691777,0.008502005,0.996961947,-1.811308913,10.85521302,9.943267799,0.99995593,0.999999822,0.00413781,0.000454942
87,leca17,240,,curlytail,0.019571725,NA,0.054570573,NA,0.060557219,NA,NA,0.998485849,NA,0.992905328,NA,NA,NA,NA,NA,NA,NA,4,-1.739871412,0.51633904,0.036979884,0.995698196,-1.739871412,24.10495677,1,0.999421576,0.99999586,0.014469038,0.002120279
88,leca3,0,,curlytail,0.074990336,NA,0.026671821,NA,0.993331595,NA,NA,0.997827835,NA,0.964051024,NA,NA,NA,NA,NA,NA,NA,4,-2.017024039,0.51997137,0.050830582,0.989112159,-2.017024039,127.0218102,1,0.998199428,0.99973557,0.025094266,0.01665654
89,leca3,30,,curlytail,0.000814853,NA,0.004807601,NA,0.054116738,NA,NA,0.959798995,NA,0.939698493,NA,NA,NA,NA,NA,NA,NA,4,-1.750370511,0.476267598,0.002789993,0.949745203,-1.750370511,22.24765488,1,0.999797924,0.999993087,0.008367676,0.002680631
90,leca3,60,,curlytail,0.002107791,NA,0.001159644,NA,0.967916506,NA,NA,0.942017781,NA,0.941631233,NA,NA,NA,NA,NA,NA,NA,4,-1.965000511,0.47433853,0.001633218,0.947043842,-1.965000511,58.04499853,1,0.999546058,0.999972272,0.012788996,0.005474676
91,leca3,120,,curlytail,0.006905092,NA,0.008664192,NA,0.977193661,NA,NA,0.996907615,NA,0.963471202,NA,NA,NA,NA,NA,NA,NA,4,-1.950138495,0.493537491,0.006904659,0.980170322,-1.950138495,17.45784408,1,0.999506587,0.999999291,0.013650374,0.000896372
92,leca3,240,,curlytail,0.001524311,NA,0.008311961,NA,0.004477621,NA,NA,0.979512949,NA,0.956320062,NA,NA,NA,NA,NA,NA,NA,5,-1.771469716,0.361307081,0.004523133,0.967916009,-1.820586646,38.09332613,74.30657098,0.999737483,0.999987082,0.009870921,0.003792547
93,leca7,0,,curlytail,0.051670272,NA,0.005046864,NA,0.01754386,NA,NA,0.989906273,NA,0.976928623,NA,NA,NA,NA,NA,NA,NA,4,-1.604017654,0.501892324,0.0203677,0.983416948,-1.604017654,77.07219379,1,0.998816437,0.999863773,0.020870738,0.012264081
94,leca7,30,,curlytail,0.003252444,NA,0.005008766,NA,0.047344388,NA,NA,0.970680125,NA,0.953376592,NA,NA,NA,NA,NA,NA,NA,4,-1.74575935,0.483079587,0.004128816,0.962030359,-1.74575935,21.93970354,1,0.999858513,0.999998043,0.00710248,0.001446809
95,leca7,60,,curlytail,0.003964867,NA,0.00630682,NA,0.09973564,NA,NA,0.988944965,NA,0.975006008,NA,NA,NA,NA,NA,NA,NA,4,-1.756843981,0.493528129,0.005177639,0.98187862,-1.756843981,19.65773218,1,0.999907207,0.999998768,0.005775448,0.001152529
96,leca7,120,,curlytail,0.004991135,NA,0.008354892,NA,0.008338862,NA,NA,0.984619082,NA,0.971641432,NA,NA,NA,NA,NA,NA,NA,4,-1.739075604,0.492398061,0.006665994,0.978130128,-1.739075604,41.17657619,1,0.999920561,0.999999415,0.005473184,0.000813562
97,leca7,240,,curlytail,0.006969478,NA,0.004888336,NA,0.990511028,NA,NA,0.976928623,NA,0.965873588,NA,NA,NA,NA,NA,NA,NA,5,-2.066452615,0.365582055,0.005928408,0.977036675,-2.123876039,32.54373379,73.92181905,0.999728009,0.99998593,0.010138213,0.003993815
98,leca8,0,,curlytail,0.00858865,NA,0.003709285,NA,0.003559674,NA,NA,0.991606835,NA,0.993703728,NA,NA,NA,NA,NA,NA,NA,5,-1.698968638,0.38098922,0.004627874,0.993705589,-1.782404162,13.7885508,14.14018085,0.999984894,0.999999841,0.002427126,0.00043107
99,leca8,30,,curlytail,0.002968632,NA,0.008057565,NA,0.007673654,NA,NA,0.991200061,NA,0.993056019,NA,NA,NA,NA,NA,NA,NA,5,-1.731586628,0.382893724,0.005507811,0.993056686,-1.822674023,12.03508539,12.48086215,0.999988899,0.999999946,0.002077553,0.000249972
100,leca8,60,,curlytail,0.006103944,NA,0.000924066,NA,0.007393231,NA,NA,0.999383828,NA,0.996668005,NA,NA,NA,NA,NA,NA,NA,5,-1.769816432,0.373717453,0.003459695,0.998027008,-1.84594944,21.23653939,41.38106245,0.999985542,0.999999543,0.00238857,0.000735149
101,leca8,120,,curlytail,0.009016258,NA,0.00063969,NA,0.003959997,NA,NA,0.990011668,NA,0.996186032,NA,NA,NA,NA,NA,NA,NA,5,-1.691478571,0.383747064,0.004090695,0.996187384,-1.782737007,11.83083232,12.01332581,0.999969142,0.999999867,0.003473156,0.00039451
102,leca8,240,,curlytail,0.000654294,NA,0.009990896,NA,0.009369125,NA,NA,0.997192757,NA,0.992903173,NA,NA,NA,NA,NA,NA,NA,4,-1.724308927,0.500180465,0.00531378,0.995047151,-1.724308927,29.13766992,1,0.999954971,0.999999165,0.004194768,0.000989439
103,pigeonA,0,,pigeon,NA,NA,NA,NA,NA,NA,NA,NA,NA,0.004365631,NA,0.85019099,NA,0.877662079,NA,0.881508032,0.813379729,3,-1.032163018,0.433139395,0,0.866278789,-1.032163018,13.34936827,1,0.994577829,0.999987529,0.032454355,0.002695863
104,pigeonA,30,,pigeon,NA,NA,NA,NA,NA,NA,NA,NA,NA,0.00439964,NA,0.99317817,NA,0.952849117,NA,0.891452649,0.854735153,3,-1.126959456,0.461438339,0,0.922876678,-1.126959456,30.06310894,1,0.983292726,0.999960128,0.061836904,0.005232245
105,pigeonA,60,,pigeon,NA,NA,NA,NA,NA,NA,NA,NA,NA,0.001513508,NA,0.006407186,NA,0.88964687,NA,0.80959069,0.893258427,4,-0.827212361,0.438289687,0.001514357,0.875065016,-0.827212361,29.64314155,1,0.99458722,0.999991126,0.040126979,0.002814155
106,pigeonA,120,,pigeon,NA,NA,NA,NA,NA,NA,NA,NA,NA,0.003462914,NA,0.99205085,NA,0.990369181,NA,0.963081862,0.920545746,3,-1.128628283,0.484528229,0,0.969056458,-1.128628283,32.39015442,1,0.995475801,0.999973687,0.033525917,0.004428476
107,pigeonA,240,,pigeon,NA,NA,NA,NA,NA,NA,NA,NA,NA,0.093900482,NA,0.378009631,NA,0.853932584,NA,0.817817014,0.816613162,4,-0.891955815,0.459189566,0.093881195,0.824497937,-0.891955815,17.63078312,1,0.997901627,0.999983154,0.018014219,0.00279567
108,pigeonB,0,,pigeon,NA,NA,NA,NA,NA,NA,NA,NA,NA,0.048584585,NA,0.32494375,NA,0.773271938,NA,0.828763539,0.85019099,5,-0.849511584,0.429570761,0.026347557,0.843106267,-0.856443407,4.16320424,1.068706864,0.999699448,0.999994193,0.007207971,0.001735287
109,pigeonB,30,,pigeon,NA,NA,NA,NA,NA,NA,NA,NA,NA,0.193268379,NA,0.311957485,NA,0.573073516,NA,0.804428698,0.819663419,5,-0.576479205,0.60249867,0.10232512,0.819918128,-0.459921038,5.946389654,0.202721458,0.999999999,1,1.17E-05,6.21E-06
110,pigeonB,60,,pigeon,NA,NA,NA,NA,NA,NA,NA,NA,NA,0.007868498,NA,0.286448184,NA,0.816120461,NA,0.815411869,0.798405669,4,-0.885969249,0.410047856,0.007815142,0.812280571,-0.885969249,16.10715067,1,0.999616337,0.999991164,0.008509425,0.002236677
111,pigeonB,120,,pigeon,NA,NA,NA,NA,NA,NA,NA,NA,NA,0.099025686,NA,0.463596103,NA,0.710894597,NA,0.782462356,0.793799823,5,-1.013558582,0.326590773,-0.307305183,0.797201222,-0.90090209,2.565623114,0.514003294,0.999993732,0.99999981,0.00085295,0.000256985
112,pigeonB,240,,pigeon,NA,NA,NA,NA,NA,NA,NA,NA,NA,0.038086802,NA,0.490876882,NA,0.817714792,NA,0.812931798,0.768821966,4,-0.914330539,0.421958139,0.038022942,0.805893335,-0.914330539,14.02330471,1,0.996507176,0.999985283,0.022835153,0.00256738
113,pigeonC,0,,pigeon,NA,NA,NA,NA,NA,NA,NA,NA,NA,0.033455915,NA,0.233294466,NA,0.643376088,NA,0.804825545,0.872993094,5,-0.800740385,0.380384681,0.020567251,0.876107169,-1.007848015,2.361573554,3.083897258,0.999320661,0.999963668,0.01105651,0.004428759
114,pigeonC,30,,pigeon,NA,NA,NA,NA,NA,NA,NA,NA,NA,0.232316346,NA,0.411794784,NA,0.731890234,NA,0.764104312,0.825123573,5,-0.863796564,0.466467888,0.230165147,0.805240812,-1.0450949,3.23938668,3.866298794,0.994363266,0.999851365,0.022329779,0.006280457
115,pigeonC,60,,pigeon,NA,NA,NA,NA,NA,NA,NA,NA,NA,0.054031021,NA,0.388273394,NA,0.443497529,NA,0.836032044,0.836032044,5,-0.594302466,0.563881952,-7.251797162,0.843937296,-0.269221954,6.608601374,0.007106774,0.950190849,0.994847427,0.085444976,0.047599747
116,pigeonC,120,,pigeon,NA,NA,NA,NA,NA,NA,NA,NA,NA,0.205726947,NA,0.341741947,NA,0.664905403,NA,0.847963184,0.830577808,5,-0.596275044,0.673471319,0.110196475,0.839209902,-0.512534043,11.32608476,0.11260102,0.999536298,0.999993121,0.007234755,0.001526221
117,pigeonC,240,,pigeon,NA,NA,NA,NA,NA,NA,NA,NA,NA,0.063064599,NA,0.307993864,NA,0.712289075,NA,0.797852395,0.826487131,5,-0.83492941,0.416217346,0.033218594,0.820439534,-0.853221524,3.436040811,1.155719526,0.99961532,0.999980304,0.007676183,0.003008439
118,pigeonD,0,,pigeon,NA,NA,NA,NA,NA,NA,NA,NA,NA,0.008271049,NA,0.791909588,NA,0.835500942,NA,0.744012916,0.84931384,3,-1.028190621,0.411107421,0,0.822214843,-1.028190621,11.3282737,1,0.986351635,0.999971866,0.04839677,0.003805828
119,pigeonD,30,,pigeon,NA,NA,NA,NA,NA,NA,NA,NA,NA,0.094758479,NA,0.611510791,NA,0.77307297,NA,0.838026722,0.825282631,4,-1.469900862,-0.789067746,-2.414191771,0.836056279,-1.469900862,1.99236652,1,0.999089257,0.999972453,0.010862796,0.0032722
120,pigeonD,60,,pigeon,NA,NA,NA,NA,NA,NA,NA,NA,NA,0.038437821,NA,0.929290853,NA,0.865981501,NA,0.837204522,0.834737924,3,-1.145877478,0.430993498,0,0.861986996,-1.145877478,22.85171738,1,0.989359797,0.999956976,0.04435755,0.004885501
121,pigeonD,120,,pigeon,NA,NA,NA,NA,NA,NA,NA,NA,NA,0.188489209,NA,0.6,NA,0.875436793,NA,0.837204522,0.851593011,5,-0.922870934,0.468679012,0.188466287,0.852445892,-0.955892243,14.40892809,2.990898517,0.997757098,0.999970745,0.015940905,0.003153338
122,pigeonD,240,,pigeon,NA,NA,NA,NA,NA,NA,NA,NA,NA,0.107913669,NA,0.375950668,NA,0.795683453,NA,0.79979445,0.820349435,5,-0.880992321,0.434892755,0.106141008,0.810423375,-0.908494169,5.990909732,1.461373017,0.999504646,0.999996923,0.008298819,0.001132892
123,pigeonE,0,,pigeon,NA,NA,NA,NA,NA,NA,NA,NA,NA,0.146258503,NA,0.572184429,NA,0.907785336,NA,0.912887377,0.893046106,4,-0.911210189,0.526329292,0.14613952,0.906519063,-0.911210189,12.96514099,1,0.999500067,0.99999655,0.008638559,0.001242882
124,pigeonE,30,,pigeon,NA,NA,NA,NA,NA,NA,NA,NA,NA,0.299239073,NA,0.58308264,NA,0.94797381,NA,0.886745709,0.888869227,4,-0.900720577,0.599546378,0.299270129,0.899822628,-0.900720577,20.11755946,1,0.991417902,0.999956299,0.029493371,0.003645302
125,pigeonE,60,,pigeon,NA,NA,NA,NA,NA,NA,NA,NA,NA,0.097858786,NA,0.350557424,NA,0.851707662,NA,0.800743231,0.855246859,4,-0.886160864,0.470364836,0.097855117,0.842874555,-0.886160864,17.10905626,1,0.995844286,0.999986974,0.025860701,0.002507732
126,pigeonE,120,,pigeon,NA,NA,NA,NA,NA,NA,NA,NA,NA,0.195540612,NA,0.411077685,NA,0.670677756,NA,0.869757565,0.872235003,5,-0.632205128,0.644515755,-0.685413452,0.878258818,-0.412918505,5.754255299,0.054722861,0.99967606,0.999979964,0.006157088,0.002652215
127,pigeonE,240,,pigeon,NA,NA,NA,NA,NA,NA,NA,NA,NA,0.342771191,NA,0.424172713,NA,0.796850115,NA,0.860201734,0.866572288,4,-0.763290341,0.602292338,0.339937257,0.86464742,-0.763290341,5.138861062,1,0.999965117,0.999999601,0.001731056,0.000320572
128,pigeonF,0,,pigeon,NA,NA,NA,NA,NA,NA,NA,NA,NA,0.002359452,NA,0.0076128,NA,0.906273621,NA,0.748677249,0.842403628,4,-0.83609153,0.421330551,0.002358177,0.840302925,-0.83609153,32.8355397,1,0.984714078,0.999985194,0.065196658,0.00351442
129,pigeonF,30,,pigeon,NA,NA,NA,NA,NA,NA,NA,NA,NA,0.117443204,NA,0.918559877,NA,0.90296496,NA,0.812475934,0.809395456,3,-1.164578468,0.430276458,0,0.860552917,-1.164578468,20.26163248,1,0.977681841,0.999682713,0.058001648,0.011978371
130,pigeonF,60,,pigeon,NA,NA,NA,NA,NA,NA,NA,NA,NA,0.162880246,NA,0.57316134,NA,0.790335002,NA,0.843665768,0.825567963,5,-1.028384659,0.398549199,-0.118168915,0.835145362,-0.972137658,3.072548562,0.671704652,0.999162069,0.999985989,0.009609701,0.002152309
131,pigeonF,120,,pigeon,NA,NA,NA,NA,NA,NA,NA,NA,NA,0.147862919,NA,0.85386985,NA,0.926068541,NA,0.825567963,0.810935695,3,-1.165632841,0.424480885,0,0.84896177,-1.165632841,17.56228188,1,0.980429372,0.999940192,0.051520224,0.004933047
132,pigeonF,240,,pigeon,NA,NA,NA,NA,NA,NA,NA,NA,NA,0.189449365,NA,0.655179053,NA,0.751251444,NA,0.773199846,0.813631113,4,-1.630450724,-2.191738399,-5.174625822,0.791149023,-1.630450724,2.229065889,1,0.996944115,0.999782938,0.016381107,0.007561842
133,rhino102013,0,9WT,rhino,NA,0.002857918,NA,0.020547802,NA,NA,NA,NA,0.991488829,NA,0.976469116,NA,0.963785802,NA,0.940421804,NA,NA,4,-1.803675278,0.485800555,0.002857184,0.968743925,-1.803675278,13.56853276,1,0.99885033,0.999995885,0.018733331,0.002241523
134,rhino102013,30,9WT,rhino,NA,0.00469366,NA,0.007363832,NA,NA,NA,NA,0.980140601,NA,0.967624173,NA,0.947097232,NA,0.929908004,NA,NA,4,-1.801380669,0.480571497,0.004693158,0.956449836,-1.801380669,19.66128045,1,0.998773629,0.999997423,0.019222761,0.001762343
135,rhino102013,60,9WT,rhino,NA,2.09E-05,NA,0.006117835,NA,NA,NA,NA,0.991321943,NA,0.985647829,NA,0.966455974,NA,0.947264118,NA,NA,4,-1.776038317,0.486697122,2.03E-05,0.973373952,-1.776038317,14.189552,1,0.999041722,0.999998992,0.017337649,0.001124697
136,rhino102013,120,9WT,rhino,NA,0.019045831,NA,0.026555688,NA,NA,NA,NA,0.990320629,NA,0.973798944,NA,0.955942174,NA,0.92540209,NA,NA,5,-1.868108961,0.379913166,0.019045829,0.962469355,-1.956487213,12.27595867,12.15983746,0.998028138,0.999999472,0.024086573,0.000788103
137,rhino102013,240,13WT,rhino,NA,0.007787861,NA,0.000536006,NA,NA,NA,NA,0.993215407,NA,0.997449503,NA,0.995042833,NA,0.951084508,NA,NA,5,-1.855041439,0.372589416,0.004161941,0.990668113,-1.926353564,21.20168947,32.50405415,0.998701554,0.999915086,0.0204008,0.010434121
138,rhino102015,0,11WT,rhino,NA,0.000597486,NA,0.004467557,NA,NA,NA,NA,0.949912868,NA,0.931362078,NA,0.913148575,NA,0.8981393,NA,NA,4,-1.776129283,0.461752537,0.00059575,0.922909325,-1.776129283,15.32537642,1,0.998666004,0.999998001,0.019425973,0.001504148
139,rhino102015,30,11WT,rhino,NA,0.002981952,NA,0.005667284,NA,NA,NA,NA,0.039237731,NA,0.936252741,NA,0.919894317,NA,0.896621508,NA,NA,4,-1.265050752,0.461890669,0.004345288,0.91943605,-1.265050752,21.90104003,1,0.999338809,0.999996595,0.01420668,0.002039013
140,rhino102015,60,11WT,rhino,NA,0.005170883,NA,0.00421783,NA,NA,NA,NA,0.003803275,NA,0.938951037,NA,0.913317219,NA,0.89004441,NA,NA,4,-1.241136752,0.458824788,0.00428076,0.913368816,-1.241136752,119.0254468,1,0.999034641,0.999982677,0.017316935,0.004639428
141,rhino102015,120,11WT,rhino,NA,0.007870032,NA,0.019169149,NA,NA,NA,NA,0.072629153,NA,0.949406937,NA,0.929675642,NA,0.901680814,NA,NA,4,-1.276454871,0.471295632,0.013467163,0.9291241,-1.276454871,22.0659429,1,0.998977358,0.999983304,0.017527084,0.004479072
142,rhino102015,240,13WT,rhino,NA,0.020145459,NA,0.004011929,NA,NA,NA,NA,0.05447212,NA,0.083649782,NA,0.996135526,NA,0.966531505,NA,NA,4,-0.970549724,0.501703003,0.022180624,0.981225383,-0.970549724,20.25610853,1,0.998466982,0.999967471,0.021304559,0.006206785
143,rhino102016,0,WT2,rhino,NA,0.031202306,NA,0.007131765,NA,NA,NA,NA,0.044429371,NA,0.947430897,NA,0.918772257,NA,0.865863999,NA,NA,4,-1.266311063,0.46776691,0.019122579,0.916411242,-1.266311063,24.4981613,1,0.99675231,0.999970099,0.030873118,0.005924725
144,rhino102016,30,WT2,rhino,NA,0.007371624,NA,0.006952688,NA,NA,NA,NA,0.962099373,NA,0.943700187,NA,0.907580126,NA,0.867559776,NA,NA,4,-1.767330016,0.464341095,0.007161653,0.921520536,-1.767330016,49.1485129,1,0.995303926,0.999858711,0.036210376,0.012561741
145,rhino102016,60,WT2,rhino,NA,0.015261998,NA,0.006274377,NA,NA,NA,NA,0.03171104,NA,0.945565542,NA,0.919111413,NA,0.851280312,NA,NA,4,-1.261929783,0.462325461,0.0107567,0.913894221,-1.261929783,24.19667507,1,0.995794079,0.999986281,0.035324593,0.004034899
146,rhino102016,120,WT2,rhino,NA,0.018314397,NA,0.001187044,NA,NA,NA,NA,0.962608106,NA,0.947091742,NA,0.920298457,NA,0.880447685,NA,NA,5,-1.846840065,0.356528881,0.0097502,0.929298725,-1.919539248,17.74304752,19.49418437,0.996416094,0.999612531,0.031781317,0.020899793
147,rhino102016,240,WT3,rhino,NA,0.008976669,NA,0.002064952,NA,NA,NA,NA,0.970008472,NA,0.955775205,NA,0.921717029,NA,0.873086699,NA,NA,4,-1.758639413,0.468956639,0.005520312,0.932392966,-1.758639413,55.74610081,1,0.995096715,0.999606467,0.037472491,0.02123193
148,rhino103091,0,12WT,rhino,NA,0.000546952,NA,0.012103648,NA,NA,NA,NA,0.999271619,NA,0.987043982,NA,0.97170133,NA,0.926525742,NA,NA,4,-1.791904537,0.487473315,0.00054997,0.97439666,-1.791904537,13.79636357,1,0.997526514,0.999990218,0.027738186,0.003488687
149,rhino103091,30,12WT,rhino,NA,0.007462994,NA,0.01653597,NA,NA,NA,NA,0.038782816,NA,0.982100239,NA,0.960961473,NA,0.931980907,NA,NA,4,-1.266835596,0.486201051,0.011935821,0.960466281,-1.266835596,24.67873737,1,0.998999251,0.999986937,0.018172162,0.004152329
150,rhino103091,60,12WT,rhino,NA,0.006878761,NA,0.0039209,NA,NA,NA,NA,0.997954313,NA,0.981759291,NA,0.959256734,NA,0.941356972,NA,NA,5,-1.864232561,0.366367591,0.005399347,0.97017791,-1.933868758,20.98678962,28.93611569,0.998503269,0.999883086,0.021563569,0.012053453
151,rhino103091,120,12WT,rhino,NA,0.013808387,NA,0.008523696,NA,NA,NA,NA,0.991764074,NA,0.991987726,NA,0.961472895,NA,0.941868394,NA,NA,5,-1.852962715,0.372203735,0.011165528,0.972389045,-1.926481423,18.62428285,23.40093549,0.998519583,0.999855701,0.021354956,0.013334241
152,rhino103091,240,13WT,rhino,NA,0.002638862,NA,0.009627815,NA,NA,NA,NA,0.033275407,NA,0.998403726,NA,0.989873635,NA,0.975113171,NA,NA,4,-1.262939933,0.497726278,0.006127792,0.989324765,-1.262939933,23.39388077,1,0.999782233,0.999997624,0.00879173,0.001836505
153,rhino103353,0,10WT,rhino,NA,0.009762697,NA,0.003355187,NA,NA,NA,NA,0.490551797,NA,0.959244144,NA,0.935595684,NA,0.918488288,NA,NA,4,-1.331274955,0.47126264,0.006537676,0.935987604,-1.331274955,16.27517901,1,0.999169995,0.999993035,0.014733271,0.002699241
154,rhino103353,30,10WT,rhino,NA,0.003745737,NA,0.003494158,NA,NA,NA,NA,0.982389445,NA,0.954967295,NA,0.936098843,NA,0.915469335,NA,NA,4,-1.667658339,0.475164438,0.003619445,0.946709432,-1.667658339,32.39241376,1,0.997957506,0.999943527,0.024646579,0.008196503
155,rhino103353,60,10WT,rhino,NA,0.014815229,NA,0.021356292,NA,NA,NA,NA,0.525521328,NA,0.973081009,NA,0.948677811,NA,0.921004081,NA,NA,4,-1.334283641,0.483321992,0.018066893,0.94857709,-1.334283641,15.12389512,1,0.998670341,0.999980846,0.018595575,0.004463691
156,rhino103353,120,10WT,rhino,NA,0.01431207,NA,0.009621154,NA,NA,NA,NA,0.372309499,NA,0.968804159,NA,0.940375692,NA,0.928048303,NA,NA,4,-1.317787023,0.477125517,0.011900475,0.94235056,-1.317787023,17.66418794,1,0.999148895,0.999991608,0.01516273,0.003011273
157,rhino103353,240,13WT,rhino,NA,0.011392161,NA,0.003411212,NA,NA,NA,NA,0.002123962,NA,0.990091172,NA,0.998283667,NA,0.93821201,NA,NA,5,-1.27372431,0.366946386,0.004541296,0.982690448,-1.316501801,43.09644398,69.75217506,0.998351035,0.999896254,0.024136619,0.0121084
158,sw_hawk1947-33623,0,SWHA3,sw_hawk,NA,NA,NA,NA,NA,NA,NA,0.049536647,0.018871104,0.050463353,0.996798652,NA,0.98820556,NA,NA,NA,NA,4,-1.160117937,0.513386459,0.034271073,0.992501844,-1.160117937,40.10509036,1,0.999534821,0.999994689,0.013002101,0.002406229
159,sw_hawk1947-33623,30,SWHA3,sw_hawk,NA,NA,NA,NA,NA,NA,NA,0.048525695,0.048525695,0.450294861,0.99663016,NA,0.991743892,NA,NA,NA,NA,4,-1.199796556,0.521269303,0.048461915,0.994076691,-1.199796556,30.3712136,1,0.999986643,0.999999426,0.001999946,0.000718081
160,sw_hawk1947-33623,60,SWHA3,sw_hawk,NA,NA,NA,NA,NA,NA,NA,0.036057287,0.042122999,0.047346251,0.995619208,NA,0.991406908,NA,NA,NA,NA,4,-1.159625043,0.516303848,0.039095731,0.993511966,-1.159625043,46.28178493,1,0.999974909,0.99999922,0.003015041,0.000920863
161,sw_hawk1947-33623,120,SWHA3,sw_hawk,NA,NA,NA,NA,NA,NA,NA,0.025105308,0.008593092,0.039258635,0.044397641,NA,0.993597304,NA,NA,NA,NA,4,-0.814159055,0.601876877,0.02484564,1.178908114,-0.814159055,8.240474782,1,0.999389937,0.999988045,0.012305261,0.002983595
162,sw_hawk1947-33623,240,SWHA3,sw_hawk,NA,NA,NA,NA,NA,NA,NA,0.027801179,0.051390059,0.024262848,0.027127211,NA,0.023925864,NA,NA,NA,NA,4,-1.100858113,0.02841968,0.023452727,0.033386634,-1.100858113,-3.480550732,1,0.179828395,0.996566757,0.012109432,0.001357014
163,sw_hawk1947-35619,0,SWHA9,sw_hawk,NA,NA,NA,NA,NA,NA,NA,0.025087224,0.990157999,0.989034723,0.999142369,NA,0.999003157,NA,NA,NA,NA,4,-1.536086584,-0.704425191,-2.406341599,0.997491217,-1.536086584,12.86677685,1,0.999902235,0.99999676,0.004949214,0.001560606
164,sw_hawk1947-35619,30,SWHA9,sw_hawk,NA,NA,NA,NA,NA,NA,NA,0.069114471,0.037049344,0.987290248,0.992922185,NA,0.991602441,NA,NA,NA,NA,5,-1.284706685,0.401671454,0.053082387,0.992246949,-1.346463691,28.24380007,55.4948319,0.999512009,0.999993845,0.013101694,0.00254853
165,sw_hawk1947-35619,60,SWHA9,sw_hawk,NA,NA,NA,NA,NA,NA,NA,0.105582323,0.99700947,0.992025253,0.999501578,NA,0.996822431,NA,NA,NA,NA,3,-1.473640753,0.498410301,0,0.996820601,-1.473640753,29.39877285,1,0.999952357,0.999999316,0.003175063,0.000659037
166,sw_hawk1947-35619,120,SWHA9,sw_hawk,NA,NA,NA,NA,NA,NA,NA,0.088054494,0.98803788,0.973251371,0.999501578,NA,0.999169297,NA,NA,NA,NA,4,-1.552927238,-1.257860501,-3.51075299,0.995031988,-1.552927238,12.52432076,1,0.999227273,0.999972732,0.012951678,0.00421402
167,sw_hawk1947-35619,240,SWHA9,sw_hawk,NA,NA,NA,NA,NA,NA,NA,0.023591959,0.035554079,0.045522512,0.996012627,NA,0.99401894,NA,NA,NA,NA,4,-1.162807355,0.512257892,0.02949954,0.995016244,-1.162807355,42.90796817,1,0.999933529,0.999998497,0.004951319,0.001289749
168,sw_hawk1947-35624,0,SWHA10,sw_hawk,NA,NA,NA,NA,NA,NA,NA,0.008194482,0.987435127,0.983428936,0.981061641,NA,0.987435127,NA,NA,NA,NA,4,-1.60376688,-12.34863932,-25.68273227,0.985453631,-1.60376688,14.38799108,1,0.999927585,0.999987896,0.004291833,0.003039135
169,sw_hawk1947-35624,30,SWHA10,sw_hawk,NA,NA,NA,NA,NA,NA,NA,0.064554493,0.98597833,0.985432031,0.983611035,NA,0.978876445,NA,NA,NA,NA,4,-1.573618941,-4.693641612,-10.37146001,0.984176791,-1.573618941,15.41078727,1,0.999934565,0.999993114,0.003838638,0.002156837
170,sw_hawk1947-35624,60,SWHA10,sw_hawk,NA,NA,NA,NA,NA,NA,NA,0.07894018,0.065555859,0.061640717,0.002146154,NA,0.985614131,NA,NA,NA,NA,5,-0.678807169,2.136398056,0.060608897,5.004752671,-0.74794535,7.172446098,3.132491338,0.994605669,0.999861548,0.035495334,0.00984947
171,sw_hawk1947-35624,120,SWHA10,sw_hawk,NA,NA,NA,NA,NA,NA,NA,0.007648184,0.006032512,0.007900163,0.024310298,NA,0.973777656,NA,NA,NA,NA,4,-0.862145672,0.508235111,0.007326982,1.009143239,-0.862145672,10.62984799,1,0.999997404,0.999999967,0.00080072,0.000156944
172,sw_hawk1947-35624,240,SWHA10,sw_hawk,NA,NA,NA,NA,NA,NA,NA,0.011199126,0.009964705,0.004670342,0.002668743,NA,0.991077119,NA,NA,NA,NA,5,-0.765744482,0.67458329,0.006876923,1.40221745,-0.775787464,10.20886825,1.266273411,0.999925302,0.999991388,0.004391636,0.002582809
173,sw_hawk1947-35633,0,SWHA12,sw_hawk,NA,NA,NA,NA,NA,NA,NA,0.009957326,0.083837127,0.992709815,0.99026113,NA,0.994632239,NA,NA,NA,NA,4,-1.301286645,0.501371073,0.009957438,0.992784709,-1.301286645,39.24864644,1,0.999990902,0.999999958,0.001806248,0.00021195
174,sw_hawk1947-35633,30,SWHA12,sw_hawk,NA,NA,NA,NA,NA,NA,NA,0.181187767,0.999288762,0.997866287,0.993065434,NA,0.994316983,NA,NA,NA,NA,4,-1.577840289,-5.302503614,-11.60174425,0.996737026,-1.577840289,15.95829324,1,0.999932249,0.99999117,0.003464025,0.002165979
175,sw_hawk1947-35633,60,SWHA12,sw_hawk,NA,NA,NA,NA,NA,NA,NA,0.986397582,0.993243243,0.990824464,0.993643331,NA,0.998044097,NA,NA,NA,NA,5,-0.852200671,0.996229444,0.953131197,1.000308304,-0.595891848,6.310934864,0.024124133,0.801578942,0.994870279,0.002191592,0.000610342
176,sw_hawk1947-35633,120,SWHA12,sw_hawk,NA,NA,NA,NA,NA,NA,NA,0.009705841,0.985775249,0.995999289,0.999288762,NA,0.996266003,NA,NA,NA,NA,5,-1.563514917,-1.972646954,-4.344337697,0.996897371,-1.590083472,11.43514392,2.012867816,0.999991785,0.999999711,0.001457401,0.000473246
177,sw_hawk1947-35633,240,SWHA12,sw_hawk,NA,NA,NA,NA,NA,NA,NA,0.007823613,0.981685633,0.982930299,0.979196302,NA,0.975106686,NA,NA,NA,NA,3,-1.461681282,0.489965317,0,0.979930634,-1.461681282,48.17645687,1,0.99995251,0.999998923,0.003458764,0.000902342
178,sw_hawk1947-35669,0,SWHA6,sw_hawk,NA,NA,NA,NA,NA,NA,NA,0.006626895,0.05401941,0.9978026,NA,NA,0.995055851,NA,NA,NA,NA,4,-1.301615694,0.501484288,0.006581159,0.996387417,-1.301615694,47.30032033,1,0.999995883,0.999999859,0.001386906,0.000362431
179,sw_hawk1947-35669,30,SWHA6,sw_hawk,NA,NA,NA,NA,NA,NA,NA,0.012451932,0.05292071,0.001080654,0.010071415,NA,0.9978026,NA,NA,NA,NA,5,-0.736460592,0.899850097,0.013279267,1.959701066,-0.764967177,8.07696704,1.699208793,0.997741023,0.999938314,0.024045208,0.006882216
180,sw_hawk1947-35669,60,SWHA6,sw_hawk,NA,NA,NA,NA,NA,NA,NA,0.008941776,0.008839695,0.158670573,0.008789599,NA,0.994613901,NA,NA,NA,NA,5,-0.792577867,0.539609649,0.023767081,1.081732423,-0.796186414,16.00006423,1.142186418,0.974373443,0.999683436,0.079304737,0.015266719
181,sw_hawk1947-35669,120,SWHA6,sw_hawk,NA,NA,NA,NA,NA,NA,NA,0.005542813,0.007141549,0.025270097,0.000425663,NA,1,NA,NA,NA,NA,5,-0.757862307,0.702635242,0.007239694,1.503076858,-0.774441297,10.57756785,1.497495043,0.999520577,0.99999432,0.011200935,0.002111594
182,sw_hawk1947-35669,240,SWHA6,sw_hawk,NA,NA,NA,NA,NA,NA,NA,0.048800586,0.008518915,0.016114265,0.038912287,NA,0.9967039,NA,NA,NA,NA,5,-0.795275814,0.653665211,0.019664663,1.304895757,-0.79942015,7.401429965,1.073183565,0.998678223,0.999983981,0.018198087,0.00346994
183,sw_hawk1947-35691,0,SWHA11,sw_hawk,NA,NA,NA,NA,NA,NA,NA,0.059873495,0.986482974,0.988389221,0.982670479,NA,0.981024175,NA,NA,NA,NA,3,-1.471359664,0.492316536,0,0.984633071,-1.471359664,35.1770004,1,0.999949659,0.999997046,0.003388369,0.001421757
184,sw_hawk1947-35691,30,SWHA11,sw_hawk,NA,NA,NA,NA,NA,NA,NA,0.025041158,0.999873542,0.99897573,0.996707391,NA,0.99133524,NA,NA,NA,NA,4,-1.575561275,-5.265697107,-11.52887759,0.997483379,-1.575561275,15.26847686,1,0.99991848,0.999991537,0.004530567,0.002528393
185,sw_hawk1947-35691,60,SWHA11,sw_hawk,NA,NA,NA,NA,NA,NA,NA,0.08534789,0.01663634,0.998717795,0.997917217,NA,0.998267048,NA,NA,NA,NA,5,-1.292803076,0.399875662,0.050991615,0.998271695,-1.320018729,96.98720159,436.0839475,0.99781237,0.999979455,0.028053302,0.004708776
186,sw_hawk1947-35691,120,SWHA11,sw_hawk,NA,NA,NA,NA,NA,NA,NA,0.062126332,0.043063859,0.99699572,0.994217787,NA,0.998440343,NA,NA,NA,NA,5,-1.27863776,0.400437999,0.052594523,0.996859874,-1.297698814,134.7955956,370.9762429,0.999821231,0.999987227,0.007983022,0.003696
187,sw_hawk1947-35691,240,SWHA11,sw_hawk,NA,NA,NA,NA,NA,NA,NA,0.093839355,0.04808942,0.043063859,0.053461572,NA,0.076856425,NA,NA,NA,NA,5,-0.290005733,32.70039492,56.21858635,0.053793004,-0.224640399,-7.748248065,3.209717553,0.055103585,0.980956006,0.024163695,0.005941702
188,sw_hawk1957-37305,0,SWHA4,sw_hawk,NA,NA,NA,NA,NA,NA,NA,0.019868694,0.009828967,0.003628196,0.990497581,NA,0.980995162,NA,NA,NA,NA,4,-1.158773698,0.497946515,0.010147146,0.985745884,-1.158773698,205.014055,1,0.999840139,0.999982511,0.007794323,0.00446532
189,sw_hawk1957-37305,30,SWHA4,sw_hawk,NA,NA,NA,NA,NA,NA,NA,0.018659295,0.00387936,0.994039392,0.989633725,NA,0.993780235,NA,NA,NA,NA,5,-1.301155252,0.3729746,0.011268826,0.993050168,-1.334066752,76.9649104,341.2170417,0.999894062,0.999987942,0.006387669,0.003732588
190,sw_hawk1957-37305,60,SWHA4,sw_hawk,NA,NA,NA,NA,NA,NA,NA,0.029716655,0.030062198,0.036713891,0.989806496,NA,0.989633725,NA,NA,NA,NA,4,-1.152956084,0.50981526,0.02990748,0.98972304,-1.152956084,41.94508345,1,0.999999931,0.999999995,0.000159412,7.38E-05
191,sw_hawk1957-37305,120,SWHA4,sw_hawk,NA,NA,NA,NA,NA,NA,NA,0.014512785,0.015031099,0.022978576,0.027297858,NA,0.018486524,NA,NA,NA,NA,4,-1.300571967,0.018744799,0.014512413,0.022977185,-1.300571967,41.60755141,1,0.672691909,0.999506788,0.003597882,0.000241906
192,sw_hawk1957-37305,240,SWHA4,sw_hawk,NA,NA,NA,NA,NA,NA,NA,0.007601935,0.005010366,0.004621223,0.006710443,NA,0.006656267,NA,NA,NA,NA,5,-1.116060594,0.006229442,0.010294496,0.002164396,-1.116074123,-0.17903756,0.999994423,-0.029538204,0.880668115,0.001471546,0.000867744
193,sw_hawk1957-37306,0,SWHA8,sw_hawk,NA,NA,NA,NA,NA,NA,NA,0.001924086,0.992478573,0.988455484,0.990029736,NA,0.979884555,NA,NA,NA,NA,4,-1.568645459,-4.493254728,-9.975188976,0.988679521,-1.568645459,15.82497261,1,0.999858197,0.999994083,0.006062283,0.00214497
194,sw_hawk1957-37306,30,SWHA8,sw_hawk,NA,NA,NA,NA,NA,NA,NA,0.085884205,0.990554487,0.993734126,0.991429071,NA,0.982683226,NA,NA,NA,NA,3,-1.4681339,0.495328808,0,0.990657615,-1.4681339,27.62265294,1,0.999887282,0.999996706,0.004954914,0.001467167
195,sw_hawk1957-37306,60,SWHA8,sw_hawk,NA,NA,NA,NA,NA,NA,NA,0.064719258,0.058597166,0.067867763,0.031047752,NA,0.032534546,NA,NA,NA,NA,5,-1.089797294,0.043823703,0.031790658,0.064412944,-1.059525241,-75.06568704,187.2373095,0.963010829,0.996603873,0.003956351,0.002076396
196,sw_hawk1957-37306,120,SWHA8,sw_hawk,NA,NA,NA,NA,NA,NA,NA,0.041455309,0.008221095,0.043379395,0.993152334,NA,0.994307625,NA,NA,NA,NA,5,-1.173207803,0.386685026,0.024788294,0.994306088,-1.249017424,20.14669498,33.67544197,0.999503789,0.999998209,0.013567872,0.001411664
197,sw_hawk1957-37306,240,SWHA8,sw_hawk,NA,NA,NA,NA,NA,NA,NA,0.046877733,0.034283715,0.00909568,0.009460956,NA,0.023438867,NA,NA,NA,NA,4,-1.323844199,0.029495416,0.012114636,0.046876196,-1.323844199,-47.1045472,1,0.863905557,0.999574735,0.006937694,0.000671716
198,sw_hawk1957-37311,0,SWHA5,sw_hawk,NA,NA,NA,NA,NA,NA,NA,0.018997091,0.982543214,0.98066062,0.981858634,NA,0.980489475,NA,NA,NA,NA,4,-1.557800317,-2.293979832,-5.569838353,0.98187869,-1.557800317,14.50825534,1,0.999975906,0.999998775,0.002439448,0.00095266
199,sw_hawk1957-37311,30,SWHA5,sw_hawk,NA,NA,NA,NA,NA,NA,NA,0.032004107,0.043641965,0.066746534,0.08694164,NA,0.034485709,NA,NA,NA,NA,3,-1.502940803,0.031651268,0,0.063302535,-1.502940803,3.95495154,1,0.295069147,0.937035611,0.022797943,0.011801318
200,sw_hawk1957-37311,60,SWHA5,sw_hawk,NA,NA,NA,NA,NA,NA,NA,0.017799076,0.036796166,0.011637857,0.058873866,NA,0.994694506,NA,NA,NA,NA,5,-0.884133289,0.521129406,0.019437948,1.025353395,-0.884727162,9.562756802,1.013162399,0.999494047,0.999997294,0.011200856,0.001418729
201,sw_hawk1957-37311,120,SWHA5,sw_hawk,NA,NA,NA,NA,NA,NA,NA,0.016087626,0.029351361,0.983227794,0.968851617,NA,0.985880541,NA,NA,NA,NA,4,-1.298510584,0.498697554,0.016094578,0.98130053,-1.298510584,60.75714158,1,0.999836416,0.999998163,0.007738932,0.001420561
202,sw_hawk1957-37311,240,SWHA5,sw_hawk,NA,NA,NA,NA,NA,NA,NA,0.038593188,0.045524559,0.053226082,0.046893719,NA,0.568372411,NA,NA,NA,NA,5,-0.740615426,0.505433561,0.045497295,1.02171168,-0.759281176,7.557511664,1.383778634,0.999509632,0.99999061,0.005974258,0.001431933
203,sw_hawk1957-37312,0,SWHA7,sw_hawk,NA,NA,NA,NA,NA,NA,NA,0.007804626,0.988597097,NA,0.987906012,NA,0.986005529,NA,NA,NA,NA,3,-1.457553604,0.493867603,0,0.987735205,-1.457553604,44.09993874,1,0.999994766,0.999999813,0.001372497,0.000367259
204,sw_hawk1957-37312,30,SWHA7,sw_hawk,NA,NA,NA,NA,NA,NA,NA,0.00414651,0.077919834,0.994039392,0.993434693,NA,0.991447823,NA,NA,NA,NA,4,-1.30119106,0.498805744,0.004199913,0.993411575,-1.30119106,39.25817133,1,0.9999959,0.999999878,0.001220553,0.000364665
205,sw_hawk1957-37312,60,SWHA7,sw_hawk,NA,NA,NA,NA,NA,NA,NA,0.020214236,0.992249904,0.992705564,0.997408431,NA,0.995162405,NA,NA,NA,NA,4,-1.566351997,-3.012920917,-7.021212961,0.995371126,-1.566351997,14.02977389,1,0.999985026,0.999998653,0.001946682,0.001011144
206,sw_hawk1957-37312,120,SWHA7,sw_hawk,NA,NA,NA,NA,NA,NA,NA,0.01796821,0.008190355,0.015722184,0.02073255,NA,0.999679095,NA,NA,NA,NA,5,-0.781641067,0.661953253,0.01476833,1.342391922,-0.788455938,8.545391077,1.14349887,0.999929906,0.999997885,0.004254574,0.00127999
207,sw_hawk1957-37312,240,SWHA7,sw_hawk,NA,NA,NA,NA,NA,NA,NA,0.005228324,0.004571083,0.008984105,0.004060124,NA,0.992052523,NA,NA,NA,NA,5,-0.798248573,0.544966674,0.005180298,1.10304805,-0.8011194,13.33987719,1.092185681,0.999977378,0.999998723,0.002422582,0.000996906
